Recipient.Organization,ngotype
Humanitarian Advisory Group,International NGO
Waqf Alrahma Alkhairi,Local NGO
American Refugee Committee (Alight),International NGO
MÈdicos del Mundo Spain,International NGO
ACT Alliance / Diakonie Katastrophenhilfe,International NGO
International Action Network on Small Arms,International NGO
Secours Catholique - Caritas France,International NGO
HealthNet International Transcultural Psychosocial Organization,International NGO
World Vision Afghanistan,Internationally affiliated NGO
AÌèNA (Afghanistan),National NGO
International Human Rights Law Group,International NGO
Children in Crisis,International NGO
Welfare Association for the Development of Afghanistan,National NGO
Mine Clearance and Planning Agency | HALO Trust,International NGO
HALO Trust | Organisation for Mine Awareness and Reconstruction,International NGO
Afghan Women's Educational Center,National NGO
Medici con l'Africa CUAMM,International NGO
BRAC,Southern International NGO
COAST Trust,National NGO
World Vision Bangladesh,Internationally affiliated NGO
Mukti Cox's Bazar,National NGO
Rahma International Society,International NGO
Ayuda en AcciÛn,International NGO
Caritas Brazil,International NGO
HOPEí87 - Hundreds of Original Projects for Employment,International NGO
Transcultural Psychosocial Organization,International NGO
Netherlands Development Organisation,International NGO
Caritas ComitÈ DiocÈsain de DÈveloppement Maroua-Mokolo,Local NGO
African Relief Service (Central African Republic),National NGO
EspÈrance,National NGO
Invisible Children,International NGO
Caritas Centrafricaine - Bouar,Local NGO
Women Act for Living Together,National NGO
Africa Development Initiative,National NGO
All for Peace And Dignity,International NGO
Association pour la Promotion de la Culture,National NGO
Afrique Secours Assistance,National NGO
CoopÈrative de Production Agricole et Artisanale pour le DÈveloppement du Monde Rural,International NGO
Kode ti kwa,National NGO
Genre Paix et Developement,National NGO
Maison Prisca,National NGO
Agir en Centrafrique,International NGO
Association Help -Tchad pour le dÈveloppement,Local NGO
TECHO,International NGO
Associazione Italiana per la SolidarietÌ† tra I Popoli,International NGO
FederaciÛn Internacional Fe y AlegrÌ≠a,International NGO
Pro Familia Switzerland,International NGO
Sheikh Thani bin Abdullah Foundation for Humanitarian Services (RAF),Southern International NGO
Association des Jeunes Islamiques pour le DÈveloppement,National NGO
Bureau des ‡uvres mÈdicales diocÈsaines (BDOM),National NGO
ComitÈ díAppui Ì† líAuto Promotion,Local NGO
Synergie pour la lutte antimines,Local NGO
Federation des ONG laiques Ì† Vocation Economique du Congo,National NGO
CARITAS DEVELOPPEMENT MAHAGI-NIOKA,Internationally affiliated NGO
Actions pour le DÈveloppement IntÈgral par la Conservation Communautaire,National NGO
Caritas Kasongo,Local NGO
Action des Volontaires Unis pour le DÈveloppement et la SantÈ,National NGO
Action pour la Promotion de líEnvironnement Social,Local NGO
Help a Child International (Red een Kind),International NGO
MÈdicos del Mundo Argentina,Internationally affiliated NGO
Di·logo Diverso,National NGO
Arab Organization for Human Rights,International NGO
Fondazione ‚ÄúOpera San Francesco Saverio‚Äù CUAMM,International NGO
A Call to Serve International,National NGO
Al Diaa Humanitarian Association,Local NGO
KSPM-ERP Integration Centre for Migrant Workers - Ecumenical Refugee Program,National NGO
METAdrasi - Action for Migration and Development,National NGO
"Planned Parenthood Federation, International",International NGO
Holt International Childrens Services,International NGO
Cross International Cathoilc Outreach,International NGO
Nos Petits FrËres et S‡urs - Haiti,Internationally affiliated NGO
Esperanza International Foundation,International NGO
International Lifeline Fund,International NGO
International Movement ATD Fourth World,International NGO
Family Health International - FHI 360,International NGO
Manitoba Council for International Co-operation,International NGO
Aide Ì† l'Enfance de Canada,International NGO
Forward Edge International,International NGO
AS-SALAM EDUCATIONAL CENTRE,Local NGO
Markazu Ihyail Fikril Islami Institute,Local NGO
Aide Ì† l''Enfance de l''Inde,International NGO
Moulana Ali Miyan Nadwi Educational and Charitable Trust,Local NGO
Jamia Islamia Ishaatul Uloom,Local NGO
Madeenathul-uloom Educational And Charitable Trust,Local NGO
Guidance Educational And Welfare Society,Local NGO
Faisal Educational Society,Local NGO
WeWorld Onlus,International NGO
Khanpur Azad Gram Unnayan Samity,Local NGO
Central Board of Nahdlatul Ulama,National NGO
Terre des Hommes International | Terre des Hommes - Italy,International NGO
International Academy for Leadership and Development (IALD),National NGO
Women Rehabilitation Organization,National NGO
Action Contre la Faim | ACF - France,International NGO
TAJDID Iraq¬†Foundation for Economic Development,National NGO
King Hussein Cancer Foundation,National NGO
Islamic Relief Jordan,Internationally affiliated NGO
SPARK,International NGO
Caritas Austria | CARITAS,International NGO
Al Hussein Society Jordan Center for Training and Inclusion (AHS),National NGO
The Israel Forum for International Humanitarian Aid,Southern International NGO
FilmAid International,International NGO
Action Africa Help International,Southern International NGO
Psykisk Helsevern Ìòstfold HF v/ Norum,Undefined NGO
Assanabil Foundation,National NGO
CitiHope International,International NGO
Lebanese Association for Rehabilitation and Development,National NGO
Subul Al Salam Social Association,Local NGO
Zakat Fund,International NGO
Children Cancer Centre of Lebanon,Internationally affiliated NGO
AMURT (Ananda Marga Universal Relief Team) (USA),International NGO
Marsa Sexual Health Center,National NGO
The Ghassan Kanfani Cultural Foundation,National NGO
Durrell Wildlife Conservation Trust,International NGO
SDGs Promise Japan,International NGO
Age International,International NGO
Bremen Overseas Research and Development Association,International NGO
World Vision Mozambique,Internationally affiliated NGO
Istituto Oikos onlus,International NGO
Associazione SolidarietÌ† e lo Sviluppo - Confederazione Italiana Agricoltori,National NGO
Gorongosa Project,International NGO
SwissLimbs,International NGO
INGO Forum Myanmar,National NGO
Wan Lark  Foundation,National NGO
Community Care for Emergency Response and Rehabilitation,National NGO
Pan Ka Lay,National NGO
Center for Social Integrity,Southern International NGO
Wunpawng Ninghtoi,Local NGO
Spectrum - Sustainable Development Knowledge Network,National NGO
Commission Nationale des Droits de líHomme de Mauritanie,National NGO
Women for the World,International NGO
Thazin Community Development Initiative,Local NGO
MA-UK Myanmar Serving Humanity,International NGO
People for People,Local NGO
Asian Harm Reduction Network,Southern International NGO
Katchin Women's Association Thailand,Local NGO
ActionAid International Nepal,Internationally affiliated NGO
Nepal Development Society (NEDS),National NGO
Plan Niger | Plan Ireland,International NGO
Caritas Niger/Caritas DÈveloppement Niger,Internationally affiliated NGO
Femmes Unies contre la Malnutrition - Kundji Fondo,Local NGO
GOALPrime Organization Nigeria,National NGO
Zireenza Support Foundation,National NGO
Centre for Integrated Development and Research,National NGO
Learning Through Skills Acquisition Initiative,Local NGO
International Peace and Cooperation Center (IPCC),National NGO
Gazze Destek Derneƒüi (Gaza Support Association),Local NGO
Physicians for Human Rights Israel,National NGO
Al Mezan Center for Human Rights,National NGO
Indivduell MÌ†nniskohjÌ†lp - Swedish NGO,International NGO
Kandil Development and Aid Association (Kandil Kalkƒ±nma ve Yardƒ±mla‡ma Derneƒüi),Southern International NGO
"Association for Water, Applied Education and Renewable Energy",Local NGO
Global Youth Organization,National NGO
Response International,International NGO
"Water, Environment & Sanitation Society",Local NGO
Mindanao Modern Education and Development Foundation,National NGO
Stanis‡awa Bie‡czak Child Support Foundation (Fundacja Pomocy Dzieciom im. Stanis‡awy Bie‡czak),Local NGO
Danish Refugee Council/AFS Danish People's Aid,International NGO
UK-Med,International NGO
ONG Arpieca,National NGO
Health Education Agro-pastoral Liaison,Local NGO
Save Somali Women and Children,National NGO
Centre for Peace and Democracy,International NGO
Fathurahman Charitable Association,Local NGO
Benadir Charity Council,National NGO
Northern Frontier Youth League,Southern International NGO
Comitato Europeo per la Formazione in Agricoltura,International NGO
KAALO Aid and Development,Local/National NGO
Iftiin Education and Development,International NGO
Healthcare Foundation Organization,National NGO
Coalition for Humanity South Sudan,National NGO
Health Action Aid,National NGO
Charity Mission Corps,National NGO
Food Agriculture and Disaster Management,Local NGO
United Networks for Health,National NGO
Women Aid Vision,National NGO
Ujamaa na Watoto Wenye Haki Initiative,Southern International NGO
Sudan Evangelical Mission,National NGO
Humanity Empowerment and Leadership Promotion Organization,National NGO
Support the Empowerment of Women and their Rights for Development,Local NGO
The Rescue Mission,National NGO
Humanitarian Aid for Development,Local NGO
South Sudan Grassroot Initiative for Development,National NGO
Great Commission Operation Mercy,Local/National NGO
Operation Save Innocent Lives - Partners in Relief and Development,Local/National NGO
American Center for International Labor,International NGO
Global Hope Network International,International NGO
South Sudanese Development Organization,National NGO
Marie Stopes International,International NGO
Alshrooq Organisation for Social and Cultural Development,National NGO
Islamic Relief Worldwide | Almassar Charity organization for Nomadís Development and Environmental Conservation,Undefined NGO
Fida International | ZOA,International NGO
Ata'a for Relief and Development,National NGO
Nour Foundation for Relief and Development,National NGO
International Organization for Community Development and Humanitarian Support,International NGO
Dummar Youth Charity,National NGO
Hand in Hand For Aid and Development,International NGO
Syria Al Yamama Charity Association (SYCA),National NGO
Ghiras Alnahda Organization,Southern International NGO
The Foundation for Advancing Development Integration,National NGO
WATAN Foundation,International NGO
Sustainable International Medical Relief Organization,Southern International NGO
Syrian Association for Relief and Development,National NGO
Big Heart Foundation,Southern International NGO
Seeds of Hope (Bozzor Alamal),Southern International NGO
World Vision Ireland | World Vision International,International NGO
Afkar Foundation,Southern International NGO
Al Wasel Association,National NGO
Children of One World (Bir D¸nya «ocuk),Southern International NGO
White Hand Organization for Development,Undefined NGO
Association Marhama,National NGO
AlSham Assocation,National NGO
Al-Khair Foundation (AKF),International NGO
Horan Islamic Society,Local NGO
ActionAid International Uganda,Internationally affiliated NGO
Donbas SOS,National NGO
Danish Refugee Council | Danish De-mining Group,International NGO
Caritas Venezuela,Internationally affiliated NGO
FundaciÛn Entreculturas - Fe y AlegrÌ≠a,International NGO
Al-Twasul For Human Development,National NGO
Health and Education Association for Development,National NGO
"Yemen General Union of Sociologists, Social Workers and Psychologists",National NGO
Relief and Development Peer Foundation,National NGO
Al-basar International Foundation,Southern International NGO
Yemen Alkhair For Relief and Development Foundation,National NGO
Charitable Heart Foundation,National NGO
Hand by Hand Foundation,National NGO
DIA - Social Justice in Development,National NGO
OXFAM GB | OXFAM,International NGO
World Vision Zambia,Internationally affiliated NGO
Self Help Africa,International NGO
ActionAid International Zimbabwe,Internationally affiliated NGO
Swedish Mission Council | PMU-Interlife,International NGO
Overseas Development Institute,Academia/think/research
International Maize and Wheat Improvement Center,Academia/think/research
Forced Migration Review,Academia/think/research
GeoForschungsZentrum Potsdam,Academia/think/research
Global Public Policy Institute,Academia/think/research
Joint IDP Profiling Service,Academia/think/research
Humanitarian Outcomes,Academia/think/research
International Potato Center,Academia/think/research
Center for Research on the Epidemiology of Disasters,Academia/think/research
"Information Technology Outreach Services, U of Georgia",Academia/think/research
Florida International University,Academia/think/research
National Society for Earthquake Technology,Academia/think/research
John Hopkins University,Academia/think/research
Famine Early Warning Sytem,Academia/think/research
Active Learning Network for Accountability and Performance,Academia/think/research
Humanitarian Policy Group,Academia/think/research
SPHERE,Academia/think/research
Network on Humanitarian Assistance,Academia/think/research
Institutt for Journalistikk,Academia/think/research
Applied Research Institute Jerusalem,Academia/think/research
"PRIO - International Peace Research Institute, Oslo",Academia/think/research
Article 36,Academia/think/research
GFZ German Research Centre,Academia/think/research
REACH Initiative,Academia/think/research
University of Hawaii at Manoa,Academia/think/research
Tufts University,Academia/think/research
Ground Truth Solutions,Academia/think/research
Assessment Capacities Project,Academia/think/research
HERE-Geneva,Academia/think/research
The SEEP Network,Academia/think/research
George Washington University,Academia/think/research
Center for Strategic and International Studies,Academia/think/research
Johns Hopkins University,Academia/think/research
Purdue University,Academia/think/research
The Cash Learning Partnership,Academia/think/research
PCPM - Polish Center for International Aid,Academia/think/research
B'Tselem - the Israeli Information Center for Human Rights in the Occupied Territories,Academia/think/research
Women's Affairs Center,Academia/think/research
Sustainable Development Foundation,Academia/think/research
NUPI - Norsk utenr.pol. inst.,Academia/think/research
Development Initiatives,academia/think/research
RTI International (formerly Research Triangle Institute),academia/think/research
CORE Group Inc.,Academia/think/research
Arizona State University,academia/think/research
Congressional Hunger Center,Academia/think/research
Valid International,Academia/think/research
London School of Hygiene and Tropical Medicine,academia/think/research
Columbia University,academia/think/research
ISRAELI INFO.CNTR.HUMAN RIGHTS (B-TSELEM),Academia/think/research
FAFO,academia/think/research
American University of Nigeria,Academia/think/research (national)
Consejo Superior Universitario Centroamericano,Academia/think/research (national)
The Legal Agenda,Academia/think/research (national)
Center for Womenís Legal Research and Consulting,Academia/think/research (national)
Center for Civic Engagement and Community Service - American University of Beirut,academia/think/research (national)
Syrian Arab Republic Humanitarian Fund,CBPF
Central African Republic Humanitarian Fund,CBPF
Afghanistan Humanitarian Fund,CBPF
Jordan Humanitarian Fund,CBPF
Lebanon Humanitarian Fund,CBPF
occupied Palestinian territory Humanitarian Fund,CBPF
Pakistan Humanitarian Fund,CBPF
Turkey Humanitarian Fund,CBPF
South Sudan Humanitarian Fund,CBPF
Myanmar Humanitarian Fund,CBPF
Yemen Humanitarian Fund,CBPF
Iraq Humanitarian Fund,CBPF
Ethiopia Humanitarian Fund,CBPF
Colombia Humanitarian Fund,CBPF
Somalia Humanitarian Fund,CBPF
Sudan Humanitarian Fund,CBPF
Democratic Republic of the Congo Humanitarian Fund,CBPF
Nigeria Humanitarian Fund,CBPF
Democratic Republic of the Congo Humanitarian Func,CBPF
Somalia ERF (until 2012),CBPF
South Sudan ERF (until 2014),CBPF
Sudan ERF,CBPF
Ukraine Humanitarian Fund,CBPF
Swedish Civil Contingencies Agency (MSB),DAC Government
Technisches Hilfswerk (THW),DAC Government
Greece,DAC Government
Deutsche Gesellschaft f¸r Internationale Zusammenarbeit,DAC Government
Buco Cotonou,DAC Government
KFW Development,DAC Government
Italian Agency for Development Cooperation,DAC government
Swiss Development Cooperation/Swiss Humanitarian Aid,DAC Government
Italy,DAC government
Peace Corps Organization,DAC Government
Madad Organization,Foundation
Sweden,DAC government
Germany,DAC government
ADA,DAC Government
Italian Development Cooperation Agency,DAC government
Expertise France,DAC government
European Union trust fund Bekou in CAR,EC
LÈger Foundation,Foundation
Fondation Raoul Follereau,Foundation
Diakonia World Federation,Foundation
Kofi Annan Foundation,Foundation
The Tibet Fund,Foundation
Digicel Foundation,Foundation
Kuwait Foundation for the Advancement of Science,Foundation
Khalifa Bin Zayed Al Nahyan Foundation,Foundation
Swisscontact,Foundation
Grand Challenges Canada,Foundation
Raf-Thani Foundation,Foundation
Bill and Melinda Gates Foundation,Foundation
Philippine Disaster Resilience Foundation,Foundation (national)
African Entrepreneur Collective,Foundation (national)
Bay Regional Education Committee,Foundation (national)
Fondation Luxembourgeoise Raoul Follereau,Foundation
Near East Foundation,Foundation
Al-Sabeel Foundation for Social Development,Foundation
Fondation Hirondelle,Foundation
Education Above All Foundation,Foundation
Noor Al Hussein Foundation,Foundation
Alawn Foundation for Development,Foundation (national)
International Committee of the Red Cross,ICRC
ICRC MoveAbility Foundation (former ICRC Special Fund for the Disabled),ICRC
International Federation of Red Cross and Red Crescent Societies,IFRC
IFRC Disaster Relief Emergency Fund,IFRC
MEDAIR,International NGO
International Rescue Committee,International NGO
OXFAM GB,International NGO
International Council of Voluntary Agencies,International NGO
SolidaritÈs International,International NGO
Norwegian Refugee Council,International NGO
CARE International,International NGO
OXFAM,International NGO
Save the Children,International NGO
Concern Worldwide,International NGO
ACT Alliance / Church of Sweden,International NGO
Islamic Relief Worldwide,International NGO
Help - Hilfe zur Selbsthilfe e.V.,International NGO
Mission Enfance,International NGO
Action Contre la Faim,International NGO
ACT Alliance / DanChurchAid,International NGO
Relief International,International NGO
Mission Ost - DNK,International NGO
MÈdecins sans FrontiËres,International NGO
Cooperazione Internazionale - COOPI,International NGO
GOAL,International NGO
Danish Refugee Council,International NGO
CARITAS,International NGO
Adventist Development and Relief Agency,International NGO
ONGD - FNEL,International NGO
Catholic Relief Services,International NGO
Alliance for International Medical Action,International NGO
Plan International,International NGO
Arbeiter-Samariter-Bund Deutschland e.V,International NGO
Diakonie Katastrophenhilfe,International NGO
International NGO Safety Organisation,International NGO
Triangle GÈnÈration Humanitaire,International NGO
Johanniter Unfallhilfe e.V.,International NGO
Humedica,International NGO
Arche Nova E.V. - Initiative for People in Need,International NGO
Deutsche Welthungerhilfe e.V. (German Agro Action),International NGO
Women And Health Alliance,International NGO
Global Network for Disaster Reduction,International NGO
CARE Australia,International NGO
World Vision International,International NGO
MÈdecins du Monde France,International NGO
International Planned Parenthood Federation,International NGO
Medico International,International NGO
Start Fund,International NGO
Terre des Hommes International,International NGO
MÈdecins sans FrontiËres - Netherlands,International NGO
Agency for Technical Cooperation and Development,International NGO
MÈdecins sans FrontiËres - Belgium,International NGO
Les Sarments de Lavaux,International NGO
Swiss AIDS Care International,International NGO
Oxfam Intermon,International NGO
Union des Organisations Syrienne de Secours MÈdicaux,International NGO
ACF - France,International NGO
ACF - Spain,International NGO
Center for Victims of Torture,International NGO
Food for the Hungry International,International NGO
CARE Canada,International NGO
OXFAM America,International NGO
World Wildlife Fund,International NGO
Hope International Development Agency,International NGO
MÈdecins sans FrontiËres - Canada,International NGO
Counterpart International,International NGO
Buddhist Tzu Chi Foundation,International NGO
ACT Alliance / Lutheran World Federation,International NGO
Fondation Caritas Luxembourg,International NGO
Caritas Germany (DCV),International NGO
Aide ‡ l''Enfance de l''Inde,International NGO
ChrÈtiens pour le Sahel,International NGO
Handicap International Luxembourg,International NGO
TEARFUND,International NGO
"ACT Alliance / Diakonia, Sweden",International NGO
ZOA,International NGO
Peace Winds Japan,International NGO
CANADEM,International NGO
Vento di Terra,International NGO
SOS Kinderdorf,International NGO
Development and Peace,International NGO
MÈdecins du Monde,International NGO
ACT Alliance / Lutheran World Relief (LWR/Canada),International NGO
Cooperazione E Sviluppo - CESVI,International NGO
MÈdecins du Monde Belgium,International NGO
Catholic Agency for Overseas Development,International NGO
International Medical Corps,International NGO
Associazione Internazionale Volontari Laici,International NGO
MÈdecins sans FrontiËres - Switzerland,International NGO
ACF - USA,International NGO
OXFAM Netherlands (NOVIB),International NGO
ACT Alliance / Finn Church Aid,International NGO
World Vision Canada,International NGO
World Relief,International NGO
Stichting CARE Nederland,International NGO
International Medical Corps UK,International NGO
SOS Sahel International,International NGO
People in Need,International NGO
Food for the Hungry,International NGO
INTERSOS Humanitarian Aid Organization,International NGO
Christian Mission Aid,International NGO
VÈtÈrinaires sans FrontiËres (Switzerland),International NGO
Collegio Universitario Aspirante e Medici Missionari,International NGO
CARE Austria,International NGO
World Vision  Netherlands,International NGO
OXFAM Quebec,International NGO
Mercy Corps,International NGO
Canadian Catholic Organization for Development and Peace (Caritas Canada),International NGO
ACT Alliance / Canadian Lutheran World Relief,International NGO
Association Persis Valais,International NGO
Association of International Development Agencies,International NGO
Polish Humanitarian Action,International NGO
Swedish Mission Council,International NGO
CARE Luxembourg,International NGO
Kindernothilfe e.V.,International NGO
VÈtÈrinaires sans FrontiËres (Germany),International NGO
Svenska Missionsradet,International NGO
Comitato di Coordinamento delle Organizzazione per il Servizio Volontario,International NGO
CARE France,International NGO
Trocaire,International NGO
Practical Action (formerly Intermediate Technology Development Group),International NGO
Rebuild and Relief International NGO gGmbH,International NGO
Mission East,International NGO
Nonviolent Peaceforce,International NGO
South Sudan Development Agency,International NGO
Danish Committee for Aid to Afghan Refugees,International NGO
ChildFund International,International NGO
Vision Hope International,International NGO
Plan Ireland,International NGO
Terre des Hommes - Italy,International NGO
Aga Khan Foundation,International NGO
Caritas Switzerland,International NGO
OXFAM Belgium,International NGO
La chaine de l'espoir,International NGO
iMMAP,International NGO
Agronomes et VÈtÈrinaires Sans FrontiËres,International NGO
Plan Sweden,International NGO
HelpAge International UK,International NGO
Care Germany,International NGO
OXFAM Ireland,International NGO
War Child,International NGO
Solidar Suisse,International NGO
HALO Trust,International NGO
Samaritan's Purse,International NGO
SOS Villages d'Enfants,International NGO
Project Concern International,International NGO
Volunteer Organization for the International Co-operation la Nostra Famiglia,International NGO
Mission am Nill,International NGO
Gruppo Volontariato Civile,International NGO
Medicus Mundi,International NGO
Association Morija,International NGO
Norwegian Aid Committee,International NGO
Oxfam Italia,International NGO
OXFAM Canada,International NGO
German Toilet Organization e.V.,International NGO
The Mentor Initiative,International NGO
World Vision USA,International NGO
World Neighbors,International NGO
Agricultural Cooperative Development International and Volunteers in Overseas Cooperative Assistance,International NGO
The Asia Foundation,International NGO
ACT Alliance / Christian Aid,International NGO
Secours Catholique et DÈveloppement,International NGO
Oeuvre d'Orient,International NGO
HumaniTerra International,International NGO
Stiftung KARIBU Kinderhilfe,International NGO
Christian Solidarity International,International NGO
GRET,International NGO
Institut EuropÈen de CoopÈration et de DÈveloppement,International NGO
Afghanaid,International NGO
MADERA,International NGO
Secours Islamique France,International NGO
Swedish and Norwegian Ecumenical Accompaniment Programme in Palestine and Israel,International NGO
Cooperazione per lo Sviluppo dei Paesi Emergenti - COSPE,International NGO
Centro Sviluppo Terzo Mondo Onlus,International NGO
Associazione Solidariet‡ e lo Sviluppo - Confederazione Italiana Agricoltori,International NGO
International Catholic Migration Commission,International NGO
World Vision Ireland,International NGO
Norwegian People's Aid,International NGO
International Centre for Transitional Justice,International NGO
Centro Internazionale per l'Infanzia e la Famiglia,International NGO
Associazione Volontari per il Servizio Internazionale,International NGO
Ente Nazionale Giuseppini del Murialdo,International NGO
Emergency ONG,International NGO
Habitat for Humanity International,International NGO
Un Ponte Per,International NGO
EMERGENCY - Life Support for Civilian War Victims ONG Onlus,International NGO
HelpAge International,International NGO
Medica Mondiale,International NGO
Eng Oppen Hand fir Malawi,International NGO
ACT Alliance / Norwegian Church Aid,International NGO
Comitato Collaborazione Medica,International NGO
Associazione Italiana per la Solidariet‡ tra I Popoli,International NGO
International Aid Services,International NGO
Salvation Army,International NGO
Terre des Hommes - Lausanne,International NGO
"Movimiento Por La Paz, El Desarme Y La Libertad, (E)",International NGO
World Vision Australia,International NGO
Plan USA,International NGO
Praktisk Solidarites,International NGO
Comitato Internationale per lo Sviluppo dei Popoli,International NGO
LandsAid e.V.,International NGO
OXFAM International,International NGO
Jesuit Refugee Service,International NGO
Cultivating New Frontiers in Agriculture,International NGO
Pharmaciens sans frontiËres (PSF),International NGO
Friendship Luxembourg,International NGO
Evangelisches Werk f¸r Diakonie und Entwicklung e.V.,International NGO
Danish Mission Council Development,International NGO
Mission Aviation Fellowship,International NGO
"FundaciÛn Alianza por Los Derechos, la Igualdad y  la Solidaridad Internacional",International NGO
Solidarites-France,International NGO
Czech Evang. Diacony,International NGO
Canadian Food Grains Bank,International NGO
Secours Catholique ñ Caritas France,International NGO
Tahaddi & Apprentis d'Auteuils,International NGO
OVERSEAS-Onlus,International NGO
EducAid Onlus,International NGO
International Campaign to Ban Landmines,International NGO
Protecting Through Education,International NGO
InterAction,International NGO
Norwegian Refugee Council/CARDI,International NGO
Dorcas Aid International,International NGO
Associazione Centro Aiuti Volontari Cooperazione Sviluppo Terzo Mondo,International NGO
Caritas New Zealand,International NGO
CARE USA,International NGO
ITF,International NGO
Shelter Centre,International NGO
Interchurch Medical Assistance World Health,International NGO
Reseau des Entrepreneurs Solidaires,International NGO
Handicap International Belgium,International NGO
Siriri,International NGO
American Refugee Committee,International NGO
Search for Common Ground,International NGO
Hebrew Immigrant Aid Society,International NGO
Global Communities,International NGO
Internews,International NGO
MapAction,International NGO
J/P Haitian Relief Organization,International NGO
Christoffel-Blindenmission,International NGO
Focus Humanitarian Assistance,International NGO
Engineers Without Borders,International NGO
EliseCare,International NGO
Centre canadien d'Ètude et de coopÈration internationale (CECI),International NGO
Pan American Development Foundation,International NGO
Sante Sud,International NGO
Danish De-mining Group,International NGO
Mines Advisory Group,International NGO
The Haven Community Foundation,International NGO
URBAN REFUGEES,International NGO
ACT Alliance / Church World Service,International NGO
Caritas Austria,International NGO
World University Service - Canada,International NGO
FilmAid,International NGO
War Child Canada,International NGO
ACT Alliance / Lutheran World Relief,International NGO
Women's Refugee Commission,International NGO
John Dau Foundation,International NGO
Heart to Heart International,International NGO
Fondation Humanitaire Internationale AICM Ukraine,International NGO
Geneva International Centre for Humanitarian Demining,International NGO
action medeor e.V.,International NGO
RedR,International NGO
Somalia Resilience Program,International NGO
Plan Canada,International NGO
NGO Mondo,International NGO
CTM,International NGO
Muslim Aid,International NGO
Federation Handicap International. Direction Aide Humanitaire,International NGO
Comite Catholique contre la faim,International NGO
Order of Malta Lebanon,International NGO
Secours Populaire Francais,International NGO
Women Now for Development,International NGO
"Ayuda, Intercambio y Desarrollo",International NGO
"Movimiento por la Paz, el Desarme y la Libertad",International NGO
AsociaciÛn de Trabajadores y Tecnicos Sin Fronteras,International NGO
Centro de Estudios Rurales y de Agricultura Internacional,International NGO
FundaciÛn Ojos del Mundo,International NGO
Solidarmed,International NGO
Kreuz des S¸dens,International NGO
AiBi Associazione Amici dei Bambini,International NGO
Salute e Sviluppo ONG,International NGO
Volontariato Internazionale per lo Sviluppo,International NGO
Associazione di Cooperazione allo Sviluppo,International NGO
ZIF - Center for International Peace Operations,International NGO
Action Against Hunger,International NGO
Medical Aid for Palestinians,International NGO
Association for Aid and Relief Japan,International NGO
CWS Japan,International NGO
Japan Emergency NGO,International NGO
International Campaign to Abolish Nuclear Weapons (ICAN),International NGO
International Volunteer Center of Yamagata,International NGO
PARCIC,International NGO
Japan Center for Conflict Prevention,International NGO
Good Neighbours Inc,International NGO
Catholic Organisation for Relief and Development Aid,International NGO
La Strada International / Open Gate,International NGO
Operation Mercy,International NGO
International Dalit Solidarity Network,International NGO
InformAction,International NGO
Norwegian Society for Sea Rescue,International NGO
Heartland Alliance International,International NGO
Caritas Norway,International NGO
International Humanitarian Relief,International NGO
Fundacion Promocion Social de la Cultura,International NGO
International Orthodox Christian Charities,International NGO
International Relief and Development,International NGO
Nippon International Cooperation for Community Development,International NGO
Water Missions International,International NGO
Hilfswerk Liechtenstein,International NGO
Syria Relief,International NGO
TEAR Fund New Zealand,International NGO
HSA Humanitarian Support Agency,International NGO
Team Rubicon,International NGO
Libraries without Borders,International NGO
Translators without Borders,International NGO
Dutch Relief Alliance,International NGO
Crisis Action,International NGO
CARE Norway,International NGO
Americares,International NGO
Physicians Across Continents,International NGO
Haitian Health Foundation,International NGO
Lutherian World Fund,International NGO
American Near East Refugee Aid,International NGO
Japan Campaign for Children of Palestine,International NGO
World Vision New Zealand,International NGO
Shanti Volunteer Association,International NGO
Millennium Promise Japan,International NGO
Rotary International,International NGO
War Child Holland,International NGO
CARITAS INTERNATIONALIS,International NGO
Japan Agency for Development and Emergency,International NGO
Polish Humanitarian Team,International NGO
SOS Children's Villages,International NGO
International Trust Fund for Demining and Victim Assistance,International NGO
PremiËre Urgence Internationale,International NGO
Health Poverty Action,International NGO
ACT Alliance / Christian Aid UK,International NGO
Doctors of the World,International NGO
International Children's Action Network,International NGO
Schˆnst‰tter Marienschwestern,International NGO
Ruedi L¸thy Foundation,International NGO
Association du Centre de SantÈ de Musongati,International NGO
Pompiers de l'urgence Internationale,International NGO
Voluntary Organisations in Cooperation in Emergencies,International NGO
Association Medina,International NGO
Samusocial International,International NGO
Associazione Amici dellíOasis Togo,International NGO
Humanitarian Quality Assurance Initiative,International NGO
HOPEí87 ñ Hundreds of Original Projects for Employment,International NGO
Geneva Call,International NGO
Action Mopti,International NGO
VÈtÈrinaire sans Frontieres,International NGO
World Vision Germany,International NGO
Rebuild Iraq Recruitment Program,International NGO
CARE Germany-Luxembourg eV,International NGO
CARITAS | Caritas Austria,International NGO
Caritas Spain,International NGO
Padem,International NGO
Estonian Refugee Council,International NGO
Friedensdorf International,International NGO
OXFAM | OXFAM GB,International NGO
ACF - France | Action Contre la Faim,International NGO
Light for the World,International NGO
Plan Ireland | Plan Niger,International NGO
Network Partnership for Development and Justice E. V,International NGO
Aktion Afrika Hilfe,International NGO
World Vision International | World Vision Ireland,International NGO
CHS Alliance,International NGO
Solidaridad Internacional,International NGO
Management Sciences for Health,International NGO
Verein Hilfe fur Bangladesch,International NGO
Plan International | Plan Sweden,International NGO
Alianza por la Solidaridad,International NGO
ACT Alliance / Act for Peace,International NGO
Winrock International,International NGO
Center for Civilians in Conflict,International NGO
Alliance For Action Aid,International NGO
Professionals in Humanitarian Assistance and Protection,International NGO
Nurture Africa,International NGO
Lazarus-Hilfswerk e.V.,International NGO
Ayuda en Accion,International NGO
Terre des Hommes - Italy | Terre des Hommes International,International NGO
Mercy Corps Scotland,International NGO
Polish Medical Mission,International NGO
Urgence SolidaritÈ Syrie,International NGO
Syrian American Medical Society Foundation,International NGO
Halte Aux Mines Antipersonnel,International NGO
Medical Teams International,International NGO
Communicating with Disaster Affected Communities,International NGO
ArmandoAid,International NGO
Al Khair Relief Development Foundation,International NGO
Nurture Project International,International NGO
Middle East Childrenís Institute,International NGO
Right to Play,International NGO
War Child UK,International NGO
World Relief Deutschland e.V.,International NGO
Association pour la CoopÈration Technique et au DÈveloppement,International NGO
International Emergency and Development Aid,International NGO
"Hand in Hand Appeal, Syria",International NGO
Windle Trust International,International NGO
Pathfinder International,International NGO
ARCS ARCI Cultura e Sviluppo,International NGO
SWISSO - Kalmo,International NGO
Miak Wadang,International NGO
ACT Alliance / United Methodist Committee on Relief,International NGO
FundaciÛn AcciÛn Contra el Hambre,International NGO
MRCA - Medical Refresher Course for Afghan,International NGO
CARE-UK,International NGO
Magna Deti v nudzi [Magna Children at Risk],International NGO
Welfare Association,International NGO
Fondation Suisse pour le DÈminage,International NGO
Syria Relief and Development,International NGO
Stichting ZOA,International NGO
IBIS,International NGO
Young Menís Christian Association,International NGO
ACT Alliance / Diakonie Emergency Aid,International NGO
World Rehabilitation Fund,International NGO
HealthNet International Transcultural Psychosocial Organisation,International NGO
Skills Active Forward,International NGO
Danchurchaid / Danish De-mining Group,International NGO
Centre for Emergency and Development Support,International NGO
Help The Needy,International NGO
Real Medicine Foundation,International NGO
Canadian Aid Organization for International Society Rehab,International NGO
World Concern,International NGO
Stichting Cordaid,International NGO
Terre des Hommes - Italy | World Vision International,International NGO
NCA+partners,International NGO
Gruppo per le Relazioni Transculturali,International NGO
International Media Support,International NGO
ACT Alliance / World Renew,International NGO
RedR UK,International NGO
World Vision UK,International NGO
Street Child Organization,International NGO
Verein B‰r und Leu,International NGO
Lay Volunteers International Association,International NGO
Armadilla S.c.s. Onlus,International NGO
Peace Boat Disaster Relief Volunteer Center,International NGO
AsociaciÛn de Trabajadores y TÈcnicos Sin Fronteras,International NGO
SolidaritÈ Socialiste,International NGO
Aide MÈdicale  Internationale,International NGO
AMAR Foundation,International NGO
Canadian Catholic Organization for Development and Peace,International NGO
Caritas France,International NGO
Children without Borders,International NGO
Christian Blind Mission,International NGO
Concern Universal,International NGO
Fida,International NGO
Fuel Relief Fund,International NGO
"FundaciÛn Alianza por Los Derechos, la Igualdad y la Solidaridad Internacional",International NGO
FXB -  FranÁois-Xavier Bagnoud,International NGO
Handicap International,International NGO
HELVETAS,International NGO
Human Appeal International,International NGO
Hungarian Baptist  Aid Organisation,International NGO
ICU,International NGO
Information Management and Mine Action Programs,International NGO
International Medical Corps | International Medical Corps UK,International NGO
International Planned Parenthood Federation Western Hemisphere Region,International NGO
Johanniter International Assistance | Johanniter Unfallhilfe e.V.,International NGO
La Strada International (LSI),International NGO
Malteser International,International NGO
Medicos del Mundo,International NGO
MEMISA - Action mÈdicale missionnaire,International NGO
Mentor Initiative,International NGO
MERCY - USA FOR AID AND DEVELOPMENT,International NGO
ONG Rescate,International NGO
Premiere Urgence,International NGO
PremiËre Urgence - Aide MÈdicale Internationale,International NGO
Stitching War Child,International NGO
TEAR Fund New Zealand | Save the Children,International NGO
The Foundation for the Refugee Education Trust,International NGO
Volunteer Organization for the International Co-operation,International NGO
World Concern Development Organisation,International NGO
World Vision Netherlands,International NGO
Yele Haiti Foundation,International NGO
Handicap International / Humanity & Inclusion,International NGO
Malteser International Order of Malta World Relief,International NGO
Medicos del Mundo Spain,International NGO
PremiËre Urgence (until 2010),International NGO
Fida International,International NGO
PremiËre Urgence - Aide MÈdicale Internationale (from 2011 to 2015),International NGO
ActionAid International,International NGO
RET International (Former The Foundation for the Refugee Education Trust till 2014),International NGO
MAGNA Medical and Nutrition Global Aid,International NGO
World Concern Development Organization,International NGO
Helvetas Swiss Intercooperation,International NGO
Kokkyo naki Kodomotachi (Children without Borders),International NGO
ACT Alliance / Dan Church Aid - Norwegian Church Aid Joint office in Palestine,International NGO
SolidaritÈs International (SI),International NGO
United Purpose (formerly known as Concern Universal),International NGO
CBM International (formerly Christian Blind Mission),International NGO
Stanis?awa Bie?czak Child Support Foundation (Fundacja Pomocy Dzieciom im. Stanis?awy Bie?czak),International NGO
Solid House Foundation,International NGO
Community Partners International,International NGO
Centre for Affordable Water and Sanitation Technology,International NGO
IMPACT Initiatives,International NGO
Matres Mundi,International NGO
Civil Society in Development,International NGO
"Educo - FundaciÛn EducaciÛn y CooperaciÛn, ChildFund Alliance member",International NGO
Mercy Without Limits,International NGO
ACT Alliance / Christian World Service,International NGO
International Medical Volunteers Japan Heart,International NGO
AMAR International Charitable Foundation,International NGO
ONG Rescate International,International NGO
Pestalozzi Children's Foundation,International NGO
EPER - Swiss Church Aid,International NGO
Watan Khayr Charity Foundation,International NGO
Legal Action Worldwide,International NGO
Johanniter International Assistance,International NGO
Women of Africa,International NGO
Human Appeal UK,International NGO
Maram Foundation for Relief and Development,International NGO
Hydraulique Sans FrontiËres,International NGO
Ocean Training and Promotion,International NGO
Nos Petits FrËres et Súurs - Haiti,International NGO
Consortium of Dutch NGOs,International NGO
Muslim Hands International,International NGO
CARE Yemen,International NGO
Rebuild Syria Reconstruction Program,International NGO
"Human Relief Foundation, UK",International NGO
Foundation for Refugee Economic Empowerment,International NGO
Evangelisches Missionswerk in Deutschland,International NGO
Instituto per la Cooperazione Universitaria Onlus,International NGO
Blumont International,International NGO
Mayday Rescue Foundation,International NGO
Centre for International Studies and Cooperation,International NGO
Human Rights House Foundation,International NGO
CARE Somalia,Internationally affiliated NGO
World Vision South Sudan,Internationally affiliated NGO
CARE Ecuador,Internationally affiliated NGO
Care Peru,Internationally affiliated NGO
Plan Niger,Internationally affiliated NGO
Habitat for Humanity Fiji,Internationally affiliated NGO
Plan Zimbabwe,Internationally affiliated NGO
CARE International Switzerland in Sudan,Internationally affiliated NGO
World Vision Niger,Internationally affiliated NGO
World Vision Chad,Internationally affiliated NGO
World Vision Zimbabwe,Internationally affiliated NGO
LOVASOA,Internationally affiliated NGO
Islamic Relief Pakistan,Internationally affiliated NGO
ACF - Canada,Internationally affiliated NGO
Caritas Peru,Internationally affiliated NGO
Habitat for Humanity Ethiopia,Internationally affiliated NGO
World Vision Central African Republic,Internationally affiliated NGO
International Youth Council - Yemen,Internationally affiliated NGO
MÈdecins du Monde Canada,Internationally affiliated NGO
Catholic Caritas Foundation of Nigeria,Internationally affiliated NGO
World Vision Uganda,Internationally affiliated NGO
CARE Haiti,Internationally affiliated NGO
World Vision Ethiopia,Internationally affiliated NGO
World Vision Sudan,Internationally affiliated NGO
Plan Sudan,Internationally affiliated NGO
ArmÈe du Salut Kalemie,Internationally affiliated NGO
SOS Sahel Ethiopia,Internationally affiliated NGO
SOS Sahel Sudan,Internationally affiliated NGO
CARITAS BUKAVU,Internationally affiliated NGO
Caritas DÈveloppement DRC,Internationally affiliated NGO
World Vision Somalia,Internationally affiliated NGO
CARE Ethiopia,Internationally affiliated NGO
ONG Tabitha,Internationally affiliated NGO
World Vision Jerusalem West Bank Gaza,Internationally affiliated NGO
FundaciÛn Ayuda en AcciÛn Colombia,Internationally affiliated NGO
Rural Water and Sanitation Support Agency,Local government
Gaza Community Mental Health Programme,Local NGO
Barzani Charity Foundation,Local NGO
Center for Education and Development,Local NGO
Nutrition Action Zimbabwe,Local NGO
Confident Children out of Conflict,Local NGO
The Coalition Of Humanitarian Relief,Local NGO
Enjaz foundation for development,Local NGO
Nyein (Shalom) Foundation,Local NGO
Initiative for Rural Empowerment,Local NGO
Almanar Voluntary Organization,Local NGO
REST - Relief Society of Tigray,Local NGO
VitalitÈ Plus,Local NGO
Life Makers Meeting Place Organization,Local NGO
FundaciÛn Halu Bienestar Humano,Local NGO
Al Ihsan NGO,Local NGO
Al Mamoura Humanitarian Establishment,Local NGO
Heevie Kurdistan Development,Local NGO
The Engineering Association for Development and Environment,Local NGO
Doctors Aid Medical Activities,Local NGO
Panhealth Care Organization,Local NGO
Nahda Makers Organization,Local NGO
Monastery Saint James the Mutilated,Local NGO
Frontier Organization for Reforms and Transformation,Local NGO
Humanitarian Organization for Poverty Elimination,Local NGO
Pakhtunkhwa Rural Support Program,Local NGO
Participatory Rural Development Society,Local NGO
Peoples Empowerment and Consulting Enterprise,Local NGO
Sarhad Rural Support Programme,Local NGO
Society for Appraisal and Women Empowerment in Rural Areas,Local NGO
Women Concerns Organization,Local NGO
Women Empowerment Organization,Local NGO
RABT Development Organization,Local NGO
Somali Aid Foundations,Local NGO
Actions et Interventions pour le DÈveloppement et l'Encadrement Social,Local NGO
Actions ConcrËte pour la Protection de l'Enfance,Local NGO
Secretariado Diocesano de Pastoral Social,Local NGO
Centre de Promotion Socio-Sanitaire,Local NGO
Rebuild Hope for Africa,Local NGO
Sama Al-Yemen Development Foundation,Local NGO
Kabkabiya Women Charitable Society,Local NGO
Society for Human and Environmental Development,Local NGO
Golweyne Relief and Rehabilitation,Local NGO
Somali Transformation Group,Local NGO
Salama Medical Agency,Local NGO
Aid Vision,Local NGO
Alinshat Area Association (Inshaat),Local NGO
Somali Humanitarian and Development Action,Local NGO
Human Call Association,Local NGO
Aid Support Community Organization,Local NGO
Socio-Economic Development and Human Rights Organization,Local NGO
Ninurta,Local NGO
Alsalam Organization for Rehabilitation and Development,Local/National NGO
Standard Action Liaison Focus,Local/National NGO
Syaj Charity Organization,Local/National NGO
Al Afia Fund Charity,Local/National NGO
Association des Femmes pour la Promotion de l'Entreprenariat,Local/National NGO
Women's Evangelical Association of Bossangoa,Local/National NGO
Lamset Shifa,Local/National NGO
Aweil Window of Opportunities and Development Agency,Local/National NGO
Peoples' Organization for Development and Rehabilitation,Local/National NGO
Zulfa Development and Peace Organization,Local/National NGO
AVREO,Local/National NGO
CAMPS/CELPA,Local/National NGO
Chavin Organization for the Care of Children,Local/National NGO
Tawa Organization for Civil Development,Local/National NGO
Jordanian National Commission for Women,National Government
Afghanistan,National Government
Yemen,National Government
Fiji,National Government
Papua New Guinea,National Government
Libya,National Government
Liberia,National Government
Ecuador,National Government
Tajikistan,National Government
Kyrgyzstan,National Government
Ethiopia,National Government
"Congo, Democratic Republic of",National Government
Lebanon,National Government
Haiti,National Government
Jordan,National Government
Ministry of Education and Higher Education,National Government
Albania,National Government
Republic of South Sudan,National Government
Access to Quality Education Program,National Government
Madagascar,National Government
Iraq,National Government
Syrian Arab Republic,National Government
Kazakhstan,National Government
Sri Lanka,National Government
"Macedonia, Former Yugoslav Republic of",National Government
Turkey,National Government
Peru,National Government
Bangladesh,National Government
Philippines,National Government
"Palestinian territory, occupied",National Government
Viet Nam,National Government
Bosnia & Herzegovina,National Government
Mali,National Government
Serbia,National Government
Cote d'Ivoire,National Government
Bolivia,National Government
Ukraine,National Government
Belize,National government
Saint Vincent and the Grenadines,National government
Mauritania,National Government
Djibouti,National Government
Eritrea,National Government
Bahamas,National Government
Bulgaria,National Government
Solomon Islands,National Government
Tonga,National Government
Algeria,National Government
Gambia,National Government
Ghana,National Government
Maldives,National Government
Niger,National Government
Comoros,National Government
Tanzania,National Government
Senegal,National Government
Benin,National Government
Burkina Faso,National Government
Cameroon,National Government
Pakistan,National Government
Zambia,National Government
Vanuatu,National government
Yemen Higher Relief Committee,National government
King Salman Humanitarian Aid and Relief Center,National government
Nigeria,National government
Kenya,National government
Unitad Nacional para la Gestion del Riesgo de Desastres,National government
Colombia,National government
Morocco,National government
Somalia,National government
Chile,National government
Mexico,National government
Costa Rica,National government
Myanmar,National government
Antigua and Barbuda,National government
Dominica,National government
Saint Kitts and Nevis,National government
Sudan,National Government
Chad,National government
Indonesia,National government
Egypt,National government
Central African Republic,National government
Mozambique,National Government
Malaysia,National government
Samoa,National government
Zimbabwe,National government
National Disaster Risk Management Fund,National government
The Saudi Development and Reconstruction Program for Yemen,National Government
Caritas DÈveloppement Niger,National NGO
Caritas Chad,National NGO
Nile Hope,National NGO
Sudan Medical Care,National NGO
Universal Intervention and Development Organization,National NGO
Care for Children and Old Age in South Sudan,National NGO
Lacha Community and Economic Development,National NGO
Christian Mission for Development,National NGO
FundaciÛn Plan,National NGO
AMEL - Lebanese Association for Popular Action,National NGO
Tanganyika Christian Refugee Service,National NGO
Smile Again Africa Development Organization,National NGO
Community in Need Aid,National NGO
Development and Inter-Church Aid Commission,National NGO
Fonds díIntervention pour le DÈveloppement,National NGO
Rural Development Initiative South Sudan,National NGO
Caritas Lebanon Migrants Center,National NGO
NGO Coordination Committee for Iraq,National NGO
Advocates Coalition for Rights and Development,National NGO
Support for Peace and Education Development Program,National NGO
Reseau National des droits humains,National NGO
Network for Children's Rights,National NGO
Metta Development Foundation,National NGO
The United Iraqi Medical Society for Relief and Development,National NGO
Centro de Estudios y Prevencion de Desastres,National NGO
Lanka Jatika Sarvodaya Shramadana Sangamaya,National NGO
Organisation of Rural Associations for Progress,National NGO
Hold the Child Organisation,National NGO
Community Development Association,National NGO
United Iraqi Medical Society for Relief & Development,National NGO
Syria Civil Defence,National NGO
Friendship,National NGO
KAFA Enough Violence and Exploitation,National NGO
Macedonian Young Lawyers Association (MYLA),National NGO
NOSTOS - Organisation for Social Integration,National NGO
Solidarity Now,National NGO
Caritas Hellas - Caritas Greece,National NGO
Nun Kultura,National NGO
Macedonia Centre for International Cooperation,National NGO
LEGIS,National NGO
ARSIS Association for the Social Support of Youth,National NGO
Caritas Athens,National NGO
ACBAR - Agency Coordinating Body for Afghan Relief,National NGO
DIOTIMA Centre of research on Women's Issues,National NGO
Maarouf Saad Social and Cultural Foundation,National NGO
National Institution of Social Care & Vocational Training,National NGO
Development and Ability Organization,National NGO
Direct Focus Community Aid,National NGO
Talawiet Organization for Development,National NGO
Support to Life,National NGO
Street Children Aid,National NGO
Universal Network for Knowledge and Empowerment Agency,National NGO
Health Link South Sudan,National NGO
Afro-Canadian Evangelical Mission,National NGO
Center for Diversity and National Harmony,National NGO
Sarvodaya Shramadana Movement,National NGO
Center for Disaster Preparedness,National NGO
Campana Colombiana Contra Minas,National NGO
FAIRMED Foundation,National NGO
Society for Human Rights and Prisoner's Aid,National NGO
Benevolence Coalition For Humanitarian Relief,National NGO
Yemeni Development Network for NGOs,National NGO
Center for Peace and Democracy,National NGO
METAdrasi ñ Action for Migration and Development,National NGO
Association for Solidarity with Asylum Seekers and Migrants,National NGO
Emergency Response Centre International,National NGO
Initiative for Development and Cooperation,National NGO
Wethaq Foundation for Civil Orientation,National NGO
NGO Atina - Citizens Association for Combating Trafficking in Human Beings and all Forms of Gender-based Violence,National NGO
Jordan paramedic society,National NGO
Ana Aqra Association,National NGO
Himaya Daee Aataa Association,National NGO
Restart Center for Rehabilitation of Victims of Violence and Torture,National NGO
Social Humanitarian Economical Intervention for Local Development,National NGO
Almasheesh Organization for Development and Creative Art,National NGO
Caritas Bangladesh,National NGO
Integrated Youth and Relief Development Association,National NGO
International Aid Network,National NGO
Leb Relief,National NGO
Makassed Philanthropic Islamic Association of Beirut,National NGO
Union of Relief and Development Association,National NGO
Ronahee Foundation,National NGO
The National Institution of Social Care and Vocational Training,National NGO
Formal Education Network for Private Schools,National NGO
Shabelle Relief and Development Organization - SRDO,National NGO
Somali Community Concern,National NGO
Africa Development Aid,National NGO
LiveWell South Sudan,National NGO
Community Action Organization,National NGO
AISHA Association for Woman and Child Protection,National NGO
MA'AN Development Center,National NGO
Al-Aman Organization for Blind Women Care,National NGO
Violet Organization,National NGO
Zamzam Foundation,National NGO
Alinshat Area  Association (Inshaat),National NGO
Circassian Charity Association,National NGO
Al-Birr Association for Charity and Social Services,National NGO
Association pour le dÈveloppement de M'Bres,National NGO
Caritas Centrafricaine,National NGO
Main dans la Main pour l'Assistance Humanitaire et le DÈveloppement Durable,National NGO
Person in Need Relief Mission,National NGO
Abs Development for Women and Children,National NGO
Al-Atta Institution for Social Development and Charity,National NGO
Charitable Society for Social Welfare,National NGO
The Humanitarian Forum Yemen,National NGO
Yemen Family Care Association,National NGO
National Foundation for Development and Human Rights,National NGO
United Foundation for Relief and Abiding Development,National NGO
Mercy Hands for Humanitarian Aid,National NGO
Representative of Nineveh Voluntary for Internally Displaced Persons Organization,National NGO
Impact Health Organization,National NGO
Rural Community Action for Peace and Development,National NGO
Organization for Voluntary Humanitarian Assistance Programme,National NGO
United Peace Organization,National NGO
JASMAR Human Security Organization,National NGO
Darfur Development and Reconstruction Agency (DDRA),National NGO
Labena Organization for Women Development Aid Capacity Building,National NGO
Sustainable Action Group,National NGO
FPDO,National NGO
El Ruhama Organization for Development and Humanitarian Aid,National NGO
"Anhar for Peace, Development and Humanitarian Work Organization",National NGO
Kabakabiya Smallhoders Charitable Society,National NGO
National Demining Units Organization,National NGO
Nada Elazhar for Disaster Prevention and Sustainable Development,National NGO
Global Aid Hand,National NGO
Iraqi Al-Mortaqa Foundation for Human Development,National NGO
Sorouh for Sustainable Development Foundation,National NGO
National Foundation for Development and Humanitarian Response,National NGO
Child Care Society,National NGO
Community Agribusiness Development Agency,National NGO
Fashoda Youth Forum,National NGO
Royal Health Awareness Society,National NGO
Syrian Society for Social Development,National NGO
KAALO Relief and Development Organisation,National NGO
Association pour le dÈveloppement social et la sauvegarde de líenvironnement,National NGO
ABAAD-Resource Center for Gender Equality,National NGO
RenÈ Moawad Foundation,National NGO
Relief and Humanitarian Aid Organisation in Dar al Fatwa,National NGO
Business Incubation Association in Tripoli,National NGO
Economic & Social Development Centre of Palestine,National NGO
Palestinian Agricultural Relief Committees,National NGO
Asia Humanitarian Organization,National NGO
Foundation for Rural Development,National NGO
Kamore Development Welfare Organization,National NGO
Khwendo Kor,National NGO
LASOONA - Society for Human and Natural Resource Development,National NGO
Pakistan Village Development Program,National NGO
Philanthrope,National NGO
Poverty Alliance Welfare Trust,National NGO
Prime Foundation,National NGO
Sanjh Preet Organization,National NGO
Afghan Health & Development Services,National NGO
Afghanistan Center for Training and Development,National NGO
Agency for Assistance and Development of Afghanistan,National NGO
Coordination of Afghan Relief,National NGO
Afghan Planning Agency,National NGO
Youth Health & Development Organization,National NGO
Mine Detection Centre,National NGO
Organisation for Mine Clearance and Afghan Rehabilitation / Mine Detection Dog Centre,National NGO
Human Resources Development Agency,National NGO
Cooperation for Development Organization,National NGO
Kachin Baptist Convention,National NGO
Myanmar Nurse and Midwife Association,National NGO
Sustainable Development and Peace Building Initiatives,National NGO
Ratana Metta Organization,National NGO
Action Contre la PauvretÈ (ACP),National NGO
"Social, Humanitarian, Economical Intervention for Local Developmen",National NGO
Safadi Foundation,National NGO
UTOPIA Organization,National NGO
Action d'Espoir,National NGO
Association des jeunes pour le dÈveloppement communautaire,National NGO
CorporaciÛn Infancia y Desarrollo (CID),National NGO
Centre de DÈveloppement IntÈgral pour líEnfant Rural,National NGO
Groupe La Colombe,National NGO
Women and Children Child Care Organization,National NGO
Roles for Social Change Association,National NGO
Karuna Myanmar Social Services,National NGO
Myittar Resource Foundation,National NGO
Palestinian Medical Relief Society,National NGO
Harikar NGO,National NGO
Community Aid for Relief and Development,National NGO
Help Restore Youth South Sudan,National NGO
Community Aid for Fisheries and Agriculture Development,National NGO
Children Aid South Sudan,National NGO
Abo Mousa Alashary Social Charitable Association,National NGO
Palestinian Al Nakheel Association for Progress and Development,National NGO
Palestinian Center for Human Rights,National NGO
Union of Health Work Committees,National NGO
Peace Bridge Association,National NGO
"Association des Volontaires pour la Recuperation des Enfants Orphelins,AbandonnÈs,DÈplacÈs et Mal",National NGO
Save Congo,National NGO
Shaqodoon Organization,National NGO
Vet-Care Organization,National NGO
Relief and Mediation Corps,National NGO
"Emergency Relief, Rehabilitation and Development Agency",National NGO
Rufaida Health Foundation,National NGO
Saeker Charitable Society,National NGO
National Initiative for Development Organization,National NGO
Trust Rehabilitation and Development Organization,National NGO
Center of Excellence for Rural Development,National NGO
Action Health Incorporated,National NGO
Upper Nile Youth Mobilization for Peace and Development Agency,National NGO
Community Health and Development Organization,National NGO
National Relief and Development Corps,National NGO
Community Initiative for Development Organization,National NGO
Humanitarian Aid for Change and Transformation,National NGO
The Rescue Initiative South Sudan,National NGO
Bent Al-Rafedain Organization,National NGO
Bothoor Alkhaer Human Organization,National NGO
The Critical Needs Support Foundation,National NGO
Dary Human Organization for Relief and Medical Care,National NGO
New Consultancy and Relief Organization,National NGO
Associate in Community Development,National NGO
Peace and Development Organization,National NGO
Health & Social Care Organization in Iraq,National NGO
Sahara Economic Development Organization,National NGO
Rural Women's Development Society,National NGO
Mothers and Children Multisectoral Development Organization (MCMDO),National NGO
Centre for Community Health and Development International,National NGO
Kanem Borno Human Development Association,National NGO
Restoration of Hope Initiative,National NGO
SomaliAid,National NGO
Somali Development and Rehabilitation Organisation,National NGO
Somali Organic Agriculture Development Organization,National NGO
Save Somali Women & Children,National NGO
DEH Relief and Development Organization,National NGO
Agricultural Development Organisation,National NGO
Rescue Team International,National NGO
Sudanese Organization for Relief and Recovery (formerly Sudanese Organization for Rehabilitation and Construction),National NGO
African Volunteers for Relief and Development,National NGO
Action pour le DÈveloppement du Sahel,National NGO
All Girls Foundation for Development,National NGO
Yemen Women Union,National NGO
Health Work Committees,National NGO
Psycho Social Counselling Center for Women,National NGO
Save Youth Future Society,National NGO
Arab Agronomist Association,National NGO
Union of Agricultural Work Committees,National NGO
Mobile Theatre Team,National NGO
Grassroots Relief and Development Agency,National NGO
JORDAN RIVER FOUNDATION,National NGO
Jordan Women Union-Un Ponte Per,National NGO
ASSOCIATION DES JEUNES ISLAMIQUES,National NGO
Association Nabad for Development,National NGO
Action for Population and Sustainable Development,National NGO
Enfants sans FrontiËres,National NGO
General Service Agency,National NGO
Taakulo Somaliland Community,National NGO
Heal Africa,National NGO
Bena Charity For Human Development,National NGO
Field Medical Foundation,National NGO
Society for Humanitarian Solidarity,National NGO
Youth Leadership Development Foundation,National NGO
Responsiveness for Relief and Development,National NGO
Soul for Development,National NGO
Tamdeen Youth Foundation,National NGO
"Candlelight for Health, Education and Environment",National NGO
Hope and Rural Aid Foundation,National NGO
AYUUB Organization,National NGO
Somali Young Doctors Association,National NGO
Hope in Action,National NGO
National Prisoner Foundation,National NGO
For All Foundation,National NGO
Medical Mercy Foundation,National NGO
Association for Community Development,National NGO
Touch Africa Development Organization,National NGO
Himilo Organization for Development,National NGO
Medicair - South Sudan,National NGO
Nile Sustainable Development Organization,National NGO
Faros Organizaton,National NGO
Filoxenia International,National NGO
Healthlink South Sudan,National NGO
Aamin Organization,National NGO
Afkar Society for Development and Humanitarian Relief,National NGO
Al-Atta Institution for Social Development and Charity (AISDAC),National NGO
Almassar Charity Organization for Nomads,National NGO
Aman Jordanian Association,National NGO
Association HIMAYA,National NGO
Basmeh and Zeitooneh - Lebanese Association,National NGO
CoAR,National NGO
Community Research and Development Organization,National NGO
"Education, Health, Social Awareness and Rehabilitation Foundation",National NGO
Fondation Orient Occident,National NGO
Health Link South Sudan | Healthlink South Sudan,National NGO
Help-Tchad,National NGO
Heshima Kenya,National NGO
Human Foundation for Social and Educational Development Inc.,National NGO
Iraqi Health Access Organization,National NGO
Jabal Marra Charity Organization,National NGO
KPSM-ERP Integration Centre for Migrant Workers ñ Ecumenical Refugee Program,National NGO
Lebanese Association for Popular Action,National NGO
Metta Foundation,National NGO
Mubadiroon Organisation,National NGO
Muhammadiyah Disaster Management Center,National NGO
Rehabilitation Education And Community Health,National NGO
Sharek Youth Forum,National NGO
Social Economical Environmental Developers,National NGO
Social Services Program,National NGO
Society for Human and Institutional Development,National NGO
Support Agency for Rural & Human Association's Development,National NGO
TAJDID Iraq†Foundation for Economic Development,National NGO
Tamer Institute for Community Education,National NGO
The Syria Trust for Development,National NGO
Treatment and Rehabilitation Centre,National NGO
UTOPIA Association,National NGO
Help-Tchad Association pour le dÈveloppement,National NGO
"Rehabilitation, Education And Community Health",National NGO
KSPM-ERP Integration Centre for Migrant Workers ñ Ecumenical Refugee Program,National NGO
RefuSHE (Former Heshima Kenya),National NGO
Sonbola Group for Education and Development,National NGO
Christian Agenda for Development,National NGO
"Zaporizhzhia Region Charity Fund ""Child Smile""",National NGO
ONG Espoir,National NGO
Action ChrÈtienne Tous pour la SolidaritÈ,National NGO
Atfaluna Society for Deaf Children,National NGO
Dhaka Ahsania Mission,National NGO
Grassroot Empowerment and Development Organization,National NGO
Ataa for Relief and Development,National NGO
Al-Nahrain Foundation for Relief and Development,National NGO
Uganda Women's Effort to Save Orphans,National NGO
Yanabia Al-khir Foundation,National NGO
Al-Twasul Foundation for Human Development,National NGO
Estijabah Network for Humanitarian Aid and Relief,National NGO
Al-Hikma Al-Yamania Association for Charity,National NGO
Taybah Foundation Development,National NGO
Ghirass For Society Development,National NGO
Islamic Social Welfare Organization,National NGO
Al Hadatha Association,National NGO
Afkar Society for Development and Human Relief,National NGO
Almassar Charity organization for Nomadís Development and Environmental Conservation,National NGO
Iraq Health Access Organization,National NGO
Mubadiroon Organization for Prevention of Disaster and War Impacts,National NGO
Jabal Marra Charity Organization for Rural Development,National NGO
Treatment and Rehabilitation Center for Victims of Torture,National NGO
Active Youth Agency,National NGO
Syria Trust for Development,National NGO
"Organization for Peace, Relief and Development",National NGO
Humanitarian and Development Consortium,National NGO
Entrepreneurs Organization for Relief and Development,National NGO
Janat Al-Frdaws Foundation for Relief and Development,National NGO
Humane Aid for Community Organization,National NGO
SantÈ Rurale,National NGO
Public Aid Organization,National NGO
INSAN Iraqi Society for Relief and Development,National NGO
New Ways Organization,National NGO
Rural Education and Agriculture Development Organization,National NGO
Mobile Humanitarian Agency,National NGO
Action pour la Promotion du Bien Etre Social,National NGO
Association Mamans Uzima Kalemie,National NGO
Centre d'Etudes et d'Actions Sociales,National NGO
Ethiopian Evangelical Church Mekane Yesus Development and Social Services Commission,National NGO
Save Lives Initiative South Sudan,National NGO
Hope Restoration South Sudan,National NGO
"Yem. Gen. Union of Sociologists, S. Workers and Psychologists",National NGO
Mayar Foundation for Development,National NGO
Change Agent Organization,National NGO
Generations without Qat,National NGO
Millenium Development Foundation,National NGO
Civic Democratic Initiatives Support Foundation,National NGO
Al-Atta for Relief and Development,National NGO
Comprehensive Community Based Rehabilitation in Somaliland,National NGO
Palestinian Center for Democracy and Conflict Resolution,National NGO
National Center for Community Rehabilitation,National NGO
Central Blood Bank Society,National NGO
Jordanian Hashemite Fund for Human Development,National NGO
Jireh Doo Foundation,National NGO
Green Concern for Development,National NGO
Solidarity for Afghan Families,National NGO
Instituto Dominicano de Desarrollo Integral,National NGO
ServiÁo Pastoral dos Migrantes,National NGO
Swedish Red Cross,National Society
Danish Red Cross,National Society
German Red Cross,National Society
Australian Red Cross,National Society
Indonesian Red Crescent Society,National Society
Belgian Red Cross,National Society
French Red Cross,National Society
Norwegian Red Cross,National Society
Luxembourg Red Cross,National Society
Spanish Red Cross,National Society
Netherlands Red Cross,National Society
Finnish Red Cross,National Society
British Red Cross,National Society
Canadian Red Cross Society,National Society
Syrian Arab Red Crescent,National Society
American Red Cross,National Society
Taiwan Red Cross Society,National Society
Red Cross of Viet Nam,National Society
Irish Red Cross Society,National Society
Kenyan Red Cross Society,National Society
Red Crescent Society of the United Arab Emirates,National Society
Tanzania Red Cross National Society,National Society
Austrian Red Cross,National Society
Bahamas Red Cross Society,National Society
Jamaica Red Cross,National Society
Czech Red Cross,National Society
Myanmar Red Cross Society,National Society
Costa Rican Red Cross,National Society
Honduran Red Cross,National Society
Red Cross Society of Panama,National Society
Nepal Red Cross Society,National Society
Portuguese Red Cross,National Society
Colombian Red Cross Society,National Society
Vanuatu Red Cross Society,National Society
Algerian Red Crescent,National Society
Qatar Red Crescent Society,National Society
Macedonian Red Cross,National Society
Lebanese Red Cross,National Society
Red Cross Society of Georgia,National Society
Red Crescent Society of Tajikistan,National Society
Red Cross Society of China,National Society
Turkish Red Crescent Society,National Society
Liechtenstein Red Cross,National Society
Kuwait Red Crescent Society,National Society
Sudanese Red Crescent,National Society
Swiss Red Cross,National Society
Philippine Red Cross,National Society
Egyptian Red Crescent Society,National Society
Malagasy Red Cross Society,National Society
Antigua and Barbuda Red Cross Society,National society
Dominica Red Cross Society,National Society
Saint Kitts and Nevis Red Cross Society,National society
Mexican Red Cross,National Society
Singapore Red Cross Society,National Society
Bangladesh Red Crescent Society,National Society
Fiji Red Cross Society,National Society
Croix Rouge RDC,National Society
Qatar Red Crescent Society | Rebuild Iraq Recruitment Program,National Society
Haitian National Red Cross Society,National Society
Guatemalan Red Cross,National Society
Helen Keller International,International NGO
Mercy-USA for Aid and Development,International NGO
FrËre des Hommes,International NGO
Programme Against Malnutrition,Undefined
Groupe de Recherche et de RÈalisations pour le DÈveloppement Rural,International NGO
Inter Religious Council,National NGO
CARE Netherlands,International NGO
BBC Media Action,International NGO
Build Change,International NGO
HEKS - Hilfswerk der Evangelischen Kirchen Schweiz,International NGO
VENRO,International NGO
Transcultural Psychosocial Organisation,Internationally affiliated NGO
Medicos do Mundo,International NGO
Honduras ComitÈ Permanente de Contingencias,National Government
Emergency Nutrition Network,academia/think/research
Electriciens sans frontiËres,International NGO
Fondation de l'Ordre de Malte pour le Liban,Undefined
Asociacion de Trabajadores y Tecnicos Sin Fronteras,International NGO
ACT Alliance / Diakonie,International NGO
UNICEF National Committee/United Kingdom,UN Agency
Population Services International,International NGO
Enfants du Monde,International NGO
International Association for Maternal and Neonatal Health,International NGO
MÈdecins du Monde Suisse,International NGO
Vivamos Mejor,International NGO
Coordination Of Rehabilitation Services For Afghanistan,National NGO
Catholic Medical Missons Board,International NGO
Caritas Congo,Internationally affiliated NGO
Amis des Personnes en DÈtresse,Local NGO
Caritas Dev Kalemie,Internationally affiliated NGO
CARITAS BUTEMBO,Internationally affiliated NGO
CARITAS DEV GOMA,Internationally affiliated NGO
CARITAS UVIRA,Internationally affiliated NGO
Sudanese Development Call Organization,National NGO
Action Against Disasters Somalia,National NGO
African Network for the Prevention and Protection Against Child Abuse and Neglect in Somalia,Southern International NGO
Palestinian Hydrology Group,National NGO
Ligue de la Zone Afrique pour la DÈfense des Droits des Enfants et ElËves,National NGO
Tadamun Social Society,National NGO
Education Health Social Awareness and Rehabilitation,National NGO
Internews Europe,International NGO
Christian Recovery and Development Agency,Southern international NGO
Africare/Catholic Relief Services,International NGO
Humanitarian Integrity for Women Action on Advocacy for Peace and Human Right,National NGO
Himilo Relief and Development Association,International NGO
Jordan Hashemite Charity Organization,Southern International NGO
Lebanon Support,academia/think/research (national)
Farmer's Life Development Agency,National NGO
Islamic Help,International NGO
Somali Relief and Development Action,National NGO
Plan Mali,Internationally affiliated NGO
PREPARED,other
HIAS RefugeeTrust,other
International Humanitarian City,other
"NABA""A",other
International Trade Center,Other multi
Centre for the Coordination of Natural Disaster Prevention in Central America,Other multi
EU Regional Trust Fund in Response to the Syrian Crisis (Madad Fund),Other multi
Organisation for Economic Co-operation and Development,Other multi
World Bank,Other multi
International Humanitarian Partnership,Other multi
Asian Development Bank,Other multi
Organization of American States,Other multi
Global Facility for Disaster Risk Reduction,Other multi
Regional Developmetn Protection Programme - Horn of Africa,Other multi
Intergovernmental Authority on Development,Other multi
International Civil Defense Organisation,Other multi
Organisation of the Islamic Conference,Other multi
Regional Development Protection Programme - Horn of Africa,Other multi
"Global Fund to Fight AIDS, Tuberculosis and Malaria",Other pooled
Misereor,private individual/organisation
Nile Hope Development Forum,private individual/organisation
The Christian Council of Sweden,private individual/organisation
South Sudan Law Society,private individual/organisation
Riverine Relief Program,private individual/organisation
Private (individuals & organizations),Private individual/organisation
School of Tomorrow Ltd,Private individual/organisation
Center for Humanitarian Services,Private individual/organisation
Indego Africa,Private individual/organisation
Private (individuals & organisations),Private individual/organisation
Dynasafe International Group,Private sector corporations
Pastoral Social,private sector corporations
John Snow International,Private sector corporations
DAC Aviation International,Private sector corporations
Development Alternatives Inc.,Private sector corporations
Kuehne & Nagel,Private sector corporations
Management Systems International,Private sector corporations
Midwest Canvas Corporation,Private sector corporations
Centre for Humanitarian Dialogue,Private sector corporations
Logenix,Private sector corporations
Omega Plus,Private sector corporations
Yasra Food Company,Private sector corporations
City Center Co.,Private sector corporations
American Bar Association,Private sector corporations
Diplomat Freight Services,Private sector corporations
Freightco,Private sector corporations
International Resources Group,Private sector corporations
"Precise Kit Promotions, Inc.",Private sector corporations
Bioforce,Private sector corporations
Estonian Science Park Tehnopol,Private sector corporations
Agility,Private sector corporations
Land O'Lakes,Private sector corporations
Cavalier Logistics,Private sector corporations
NRS Relief,Private sector corporations
Priority Worldwide Services,Private sector corporations
Miyamoto International,Private sector corporations
Ledmark Industries LLC,Private sector corporations
JAS Forwarding Worldwide Inc.,Private sector corporations
Lynden Air Cargo,Private sector corporations
Butyl Products Ltd Group,Private sector corporations
SGS,Private sector corporations
"International Business & Technical Consultants, Inc.",Private sector corporations
Grupo Sofonias (Switzerland),Private sector corporations
AIR CHARTER SERVICE,Private sector corporations
Intertek Group plc,Private sector corporations
Nahrain International Company,Private sector corporations
Scoop Group,Private sector corporations
Priyanka (India) Pvt. Ltd,Private sector corporations (national)
Mahavir Overseas,Private sector corporations (national)
La FederaciÛn Nacional de Comerciantes,Private sector corporations (national)
Uganda Red Cross Society,red cross
Kuwaiti Society for Relief,Red Cross
Tonga Red Cross Society,red cross
New Zealand Red Cross,red cross
Japanese Red Cross Society,red cross
Somali Red Crescent Society,red cross
Pakistan Red Crescent Society,red cross
Mauritanian Red Crescent,red cross
Indian Red Cross Society,red cross
Libya Red Crescent,red cross
Afghan Red Crescent,red cross
Basmeh and Zeitooneh for Relief and Development - G¸l¸mseme ve zeytin,Southern International NGO
Human Appeal International (UAE),Southern International NGO
Custodian of Two Holy Mosques Relief Campaign,Southern International NGO
ROIA Information and Communication Technology,Southern International NGO
BINAA Organization for Development,Southern International NGO
International Blue Crescent Relief and Development Foundation,Southern International NGO
Gazze Destek Derne?i (Gaza Support Association),Southern International NGO
Bonyan (Bina Insan),Southern International NGO
Shafak Organization,Southern International NGO
Bahar Organization,Southern International NGO
Silk Road Organization,Southern International NGO
Beyaz Eller Association (White Hands Association),Southern International NGO
Takaful for Child Welfare,Southern International NGO
Syrian Expatriates Medical Association,Southern International NGO
African Humanitarian Corps,Southern International NGO
Agence de DÈveloppement Economique et Social,Southern International NGO
Vision to Change the World,Southern International NGO
NGO Consortium,Southern International NGO
African Medical and Research Foundation,Southern International NGO
Asian Disaster Preparedness Centre,Southern International NGO
Agency for Cooperation and Research in Development,Southern International NGO
African Development Solutions,Southern International NGO
IsraAID,Southern International NGO
Kuwaiti Yemeni Relief,Southern International NGO
Africa Humanitarian Action,Southern International NGO
International Islamic Relief Organization,Southern International NGO
Arab Reporters for Investigative Journalism,Southern International NGO
Direct Aid,Southern International NGO
Jordan Health Aid Society,Southern International NGO
Questscope,Southern International NGO
Community World Service Asia,Southern International NGO
"IHH-Humanitarian Relief Foundation, Turkey",Southern International NGO
Ihsan for Relief and Development,Southern International NGO
Start Point,Southern International NGO
Bangladesh Rural Advancement Committee,Southern International NGO
Wajir South Development Association,Southern International NGO
Rural Agency for Community Development and Assistance,Southern International NGO
Rural Organization for Advocacy and Development International,Southern International NGO
Lebanese Society for Educational and Social Development,Southern International NGO
Qatar Charity,Southern International NGO
Arakan Rohingya Union,Southern International NGO
Building foundation for Development,Southern International NGO
Al-Ameen for Humanitarian Support,Southern International NGO
Kuwait Patients Helping Fund,Southern International NGO
AlBasar Foundation,Southern International NGO
Mena Organization for Services Advocacy integration and Capacity Building,Southern International NGO
Joint Aid Management International,Southern International NGO
The Health Support Organization,Southern International NGO
Ramakrishna Mission,Southern International NGO
Wardi Relief and Development Initiatives,Southern International NGO
Social Life and Agricultural Development Organisation,Southern International NGO
Comprehensive Health and Education Forum International,Southern International NGO
Action for Development,Southern International NGO
Organization for Research and Community Development,Southern International NGO
Auranitis Life Line for development and training,Southern International NGO
Humanitarian Initiative Just Relief Aid Organization,Southern International NGO
Southern Aid,Southern International NGO
Wamo Relief and Rehabilitation Services,Southern International NGO
Mercy Malaysia,Southern International NGO
African Initatives for Relief and Development,Southern International NGO
Collectif Alpha Ujuvi (CAU),Southern International NGO
African Disability Association,Southern International NGO
Center for the Defence of the Individual,Southern International NGO
NGO Development Center,Southern International NGO
Syria Relief Network,Southern International NGO
Emergency Medical Care for Affected People,Southern International NGO
Mine Clearance and Planning Agency,Southern International NGO
WRO,Southern International NGO
Action for Relief and Development,Southern International NGO
Humanitarian Relief Foundation,Southern International NGO
Sadad Humanitarian Organization,Southern International NGO
AFAK Future for Capacity Building,Southern International NGO
Agence Humanitaire Africaine,Southern International NGO
Community Humanitarian Emergency Board,Southern International NGO
MÈdecins d'Afrique,Southern International NGO
Association Locale pour le DÈveloppement IntÈgral,Southern International NGO
Assistance Mission Africa,Southern International NGO
Andre Foods South Sudan,Southern International NGO
Titi Foundation,Southern International NGO
Action Africa Help-International,Southern International NGO
ActionAid,Southern International NGO
Active in Development Aid,Southern International NGO
Attaa Relief and Development,Southern International NGO
Charity Waqf of Rahma,Southern International NGO
Humanitarian Initiative Just Relief Aid Organizaiton,Southern International NGO
Pakistan Association  in Dubai,Southern International NGO
Palestinian Housing Council,Southern International NGO
SOCIETE DE COOPERATION POUR LE DEVELOPPEMENT DE FIZI  (SOCOODEFI),Southern International NGO
Youth Society,Southern International NGO
United Nations High Commissioner for Refugees,UN Agency
World Food Programme,UN Agency
United Nations Children's Fund,UN Agency
International Organization for Migration,UN Agency
United Nations Human Settlements Programme (UN-HABITAT),UN Agency
Food & Agriculture Organization of the United Nations,UN Agency
United Nations Development Programme,UN Agency
World Health Organization,UN Agency
Specially Designated Contributions (OCHA),UN Agency
United Nations Office for Project Services,UN Agency
United Nations Humanitarian Response Depot,UN Agency
International Strategy for Disaster Reduction,UN Agency
United Nations Relief and Works Agency for Palestine Refugees in the Near East,UN Agency
Office of the High Commissioner for Human Rights,UN Agency
United Nations Population Fund,UN Agency
United Nations Industrial Development Organization,UN Agency
Office for the Coordination of Humanitarian Affairs,UN Agency
Pan-American Health Organization (World Health Organization),UN Agency
"United Nations Educational, Scientific and Cultural Organization",UN Agency
UN Agencies,UN Agency
UN Women,UN Agency
United Nations Humanitarian Air Service,UN Agency
United Nations Operation Programme Support,UN Agency
United Nations Mine Action Service,UN Agency
UNDP Administered Trust Fund,UN Agency
World Meteorological Organization,UN Agency
United Nations Department of Safety and Security,UN Agency
UNDP for UNDSS,UN Agency
UN Department of Economic and Social Affairs,UN Agency
UNRWA Spanish Committee,UN Agency
Central Emergency Response Fund,UN Agency
UNICEF National Committee/Spain,UN Agency
International Labour Organization,UN Agency
United Nations Department of Peace-Keeping Operations,UN Agency
UNICEF National Committees,UN Agency
United Nations Voluntary Trust Fund on Mine Action,UN Agency
Special Representative of the Secretary-General,UN Agency
United Nations Office on Drugs and Crime,UN Agency
United Nations Foundation,UN Agency
United Nations Institute for Training and Research,UN Agency
United Nations Disaster Assessment and Coordination,UN Agency
United Nations Voluntary Trust Fund for Victims of Trafficking in Persons,UN Agency
International Civil Aviation Organisation,UN Agency
United Nations Department of Safety and Security | United Nations Development Programme,UN Agency
United Nations Interim Force in Lebanon,UN Agency
Integrated Regional Information Network,UN Agency
United Nations Volunteers Programme,UN Agency
United Nations Environment Programme,UN Agency
Alliance Nationale Contre la Faim et la Malnutrition,Undefined
Vijana ya Panda Tujenge,Undefined
Democracy School,Undefined
Shafaq Rehabilitation Organization (SHA),Undefined
Render Effective Aid to CHildren,Undefined
NGOs | UN Agencies,Undefined
ASSIST,Undefined
Life for Syria,Undefined
SHARE,Undefined
Global Earthquake Model Foundation,Undefined
Partners Turkey,Undefined
NGOs | Red Cross Organizations | UN Agencies,Undefined
Health Care and Relief Foundation,Undefined
SolidaritÈ laique,Undefined
Japan Platform,Undefined
Success Initiatives Inc.,Undefined
Vetwork Services Trust,Undefined
Yemen National Committee for Human Rights,Undefined
Yemeni Association for relief and development,Undefined
Charitable Association for Giving,Undefined
YME Foundation,Undefined
Mother and Children Development Aid,Undefined
Association for the Advancement of Democratic Rights-Legal Aid,Undefined
Al-Bir Wa Al-Ehsan Association in Ras AlAin (Al-Bir Wa Al-Ehsan in Ras AlAin),Undefined
Greek Orthodox Patriarchate of Antioch and all of the East,Undefined
Al Taalouf Charity Association,Undefined
Association Arbre de Vie,Undefined
Islamic Charity Association - Aoun for relief and Development,Undefined
Khadija Foundation for Development,Undefined
Association LRC,Undefined
Community Initiative for Sustainable Development Agency,Undefined
Hidig Relief And Development Organization,Undefined
Management and Resources for Community Health,Undefined
Action Solidaire aux VulnÈrables,Undefined
Humanitaires sans FrontiËres,Undefined
Programme de Promotion de Soins de SantÈ Primaires (PPSSP),Undefined
Alshroog Organization for Social and Culture Development,Undefined
Almanara Humanitarian Charitable Society,Undefined
South Darfur Net for HIV/AIDS Campaign,Undefined
ComitÈ díAppui ‡ líAuto Promotion,Undefined
Ceilu,Undefined
Al Birr Charity and social services association,Undefined
Humanity Brotherhood Association  for Human Rights,Undefined
NGOs | Red Cross Organizations | UN Agencys,Undefined
NGOs | UN Agencys,Undefined
NGOs | UN Agencys | Red Cross Organizations,Undefined
Not specified,Undefined
Partners Turkey | Save the Children,Undefined
Partners Turkey | World Vision  Netherlands,Undefined
UN Agencys | NGOs,Undefined
UN Agencys | NGOs | Red Cross Organizations,Undefined
International Patients' Helping Society,Undefined NGO
Tamkeen for Community Development,Undefined NGO
Al Mithaq,Undefined NGO
Stop Poverty Communal Initiative,Undefined NGO
Kueng Community Development Agency,Undefined NGO
Youth Organization for Social Action,Undefined NGO
NGOs (details not yet provided),Undefined NGO
National Relief Committee,Undefined NGO
Alyateem Development Foundation,Undefined NGO
NGO Ukrainian Cultural Center,Undefined NGO
Messagers de la Paix en Afrique,Undefined NGO
Al-Badyah Charitable Foundation,Undefined NGO
Al-Baida Coalition for Relief and Humanitarian Actions,Undefined NGO
Livelihood Relief and Development Organization,Undefined NGO
Takaful Alsham Charity Organization,Undefined NGO
NGOs,Undefined NGO
National Humanitarian Aid Organization,Undefined NGO
Orchard Association for Children Protection and Education,Undefined NGO
Sabe' Sanabal Organization for Relief and Development,Undefined NGO
The Disabled and their Friends Charity Association (DTF),Undefined NGO
Women in the New Nigeria and Youth Empowerment Initiative,Undefined NGO
Sidra Organization for Development and Reconstruction,Undefined NGO
Human for Human Organization,Undefined NGO
Empowering Vulnerable Society Organization,Undefined NGO
Women Pioneers for Peace and Life,Undefined NGO
Health Education Agricultural-pastoralist,Undefined NGO
Organization for Peoples' Empowerment and Needs,Undefined NGO
Community Organization for Emergency and Rehabilitation,Undefined NGO
Abundant Life Church,Undefined NGO
APEC (Association pour la protection de l'enfance  au Congo),Undefined NGO
Charity Abrar Society,Undefined NGO
Mundri Active Youth Association,Undefined NGO
Stanislawa Bienczak Child Support Foundation (Fundacja Pomocy Dzieciom im. Stanislawy Bienczak),Undefined NGO
Union Relief Societies,Undefined NGO
Civil Society Human Rights Organization South Sudan,Undefined NGO
Humanitarian Aid Commission,National NGO
NinÙs del Cusco,National NGO
Association pour le dÈveloppement social et la sauvegarde de l'environnement,National NGO
HOPE'87 ' Hundreds of Original Projects for Employment,International NGO
Secours Catholique ' Caritas France,International NGO
Associazione Amici dell'Oasis Togo,International NGO
ComitÈ d'Appui Ì† l'Auto Promotion,Local NGO
Almassar Charity organization for Nomad's Development and Environmental Conservation,National NGO
Center for Women's Legal Research and Consulting,Academia/think/research (national)
Young Men's Christian Association,International NGO
Middle East Children's Institute,International NGO
KSPM-ERP Integration Centre for Migrant Workers ' Ecumenical Refugee Program,National NGO
Fonds d'Intervention pour le DÈveloppement,National NGO
Centre de DÈveloppement IntÈgral pour l'Enfant Rural,National NGO
METAdrasi ' Action for Migration and Development,National NGO
Stanis≈Çawa Bie≈Ñczak Child Support Foundation (Fundacja Pomocy Dzieciom im. Stanis≈Çawy Bie≈Ñczak),Local NGO
Nos Petits FrËres et Súurs - Haiti,Internationally affiliated NGO
ServiÁo Pastoral dos Migrantes,National NGO
Children of One World (Bir D¸nya Ìáocuk),Southern International NGO
Islamic Relief Worldwide | Almassar Charity organization for Nomad's Development and Environmental Conservation,International NGO
Commission Nationale des Droits de l'Homme de Mauritanie,National NGO
Kandil Development and Aid Association (Kandil Kalkƒ±nma ve Yardƒ±mla≈üma Derneƒüi),Southern International NGO
Action pour la Promotion de l'Environnement Social,Local NGO
Bureau des úuvres mÈdicales diocÈsaines (BDOM),National NGO
